Id,Name,shortDescription,Description,Images,Stock,Sale price,Categories
1,Woo Single #2,Pellentesque habitant morbi tristique senectus et netus et malesuada fames ac,"Pellentesque habitant morbi tristique senectus et netus et malesuada fames ac turpis egestas. Vestibulum tortor quam, feugiat vitae, ultricies ege","http://demo.woothemes.com/woocommerce/wp-content/uploads/sites/56/2013/06/cd_6_angle.jpg, http://demo.woothemes.com/woocommerce/wp-content/uploads/sites/56/2013/06/cd_6_flat.jpg",12,2,Clothing
2,Woo Single #1,Pellentesque habitant morbi tristique senectus et netus et malesuada fames ac,"Pellentesque habitant morbi tristique senectus et netus et malesuada fames ac turpis egestas. Vestibulum tortor quam, feugiat vitae, ultricies ege","http://demo.woothemes.com/woocommerce/wp-content/uploads/sites/56/2013/06/cd_4_angle.jpg, http://demo.woothemes.com/woocommerce/wp-content/uploads/sites/56/2013/06/cd_4_flat.jpg",2,10,Clothing
3,Woo Singles,Pellentesque habitant morbi tristique senectus et netus et malesuada fames ac,"Pellentesque habitant morbi tristique senectus et netus et malesuada fames ac turpis egestas. Vestibulum tortor quam, feugiat vitae, ultricies ege",http://demo.woothemes.com/woocommerce/wp-content/uploads/sites/56/2013/06/cd_6_flat.jpg,2,12,Clothing
4,Woo Album #4,Pellentesque habitant morbi tristique senectus et netus et malesuada fames ac,"Pellentesque habitant morbi tristique senectus et netus et malesuada fames ac turpis egestas. Vestibulum tortor quam, feugiat vitae, ultricies ege","http://demo.woothemes.com/woocommerce/wp-content/uploads/sites/56/2013/06/cd_5_angle.jpg, http://demo.woothemes.com/woocommerce/wp-content/uploads/sites/56/2013/06/cd_5_flat.jpg",1,14,Clothing
5,Woo Album #3,Pellentesque habitant morbi tristique senectus et netus et malesuada fames ac,"Pellentesque habitant morbi tristique senectus et netus et malesuada fames ac turpis egestas. Vestibulum tortor quam, feugiat vitae, ultricies ege","http://demo.woothemes.com/woocommerce/wp-content/uploads/sites/56/2013/06/cd_3_angle.jpg, http://demo.woothemes.com/woocommerce/wp-content/uploads/sites/56/2013/06/cd_3_flat.jpg",3,16,Clothing
6,Woo Album #2,Pellentesque habitant morbi tristique senectus et netus et malesuada fames ac,"Pellentesque habitant morbi tristique senectus et netus et malesuada fames ac turpis egestas. Vestibulum tortor quam, feugiat vitae, ultricies ege","http://demo.woothemes.com/woocommerce/wp-content/uploads/sites/56/2013/06/cd_2_angle.jpg, http://demo.woothemes.com/woocommerce/wp-content/uploads/sites/56/2013/06/cd_2_flat.jpg",422,12,Clothing
7,Woo Album #1,Pellentesque habitant morbi tristique senectus et netus et malesuada fames ac,"Pellentesque habitant morbi tristique senectus et netus et malesuada fames ac turpis egestas. Vestibulum tortor quam, feugiat vitae, ultricies ege","http://demo.woothemes.com/woocommerce/wp-content/uploads/sites/56/2013/06/cd_1_angle.jpg, http://demo.woothemes.com/woocommerce/wp-content/uploads/sites/56/2013/06/cd_1_flat.jpg",12,22,Clothing
8,Woo Logo,Pellentesque habitant morbi tristique senectus et netus et malesuada fames ac,"Pellentesque habitant morbi tristique senectus et netus et malesuada fames ac turpis egestas. Vestibulum tortor quam, feugiat vitae, ultricies ege","http://demo.woothemes.com/woocommerce/wp-content/uploads/sites/56/2013/06/poster_5_up.jpg, http://demo.woothemes.com/woocommerce/wp-content/uploads/sites/56/2013/06/Poster_5_flat.jpg",3,14,Clothing
9,Woo Ninja,Pellentesque habitant morbi tristique senectus et netus et malesuada fames ac,"Pellentesque habitant morbi tristique senectus et netus et malesuada fames ac turpis egestas. Vestibulum tortor quam, feugiat vitae, ultricies ege","http://demo.woothemes.com/woocommerce/wp-content/uploads/sites/56/2013/06/poster_4_up.jpg, http://demo.woothemes.com/woocommerce/wp-content/uploads/sites/56/2013/06/Poster_4_flat.jpg",321,22,Clothing
10,Premium Quality,Pellentesque habitant morbi tristique senectus et netus et malesuada fames ac,"Pellentesque habitant morbi tristique senectus et netus et malesuada fames ac turpis egestas. Vestibulum tortor quam, feugiat vitae, ultricies ege","http://demo.woothemes.com/woocommerce/wp-content/uploads/sites/56/2013/06/poster_3_up.jpg, http://demo.woothemes.com/woocommerce/wp-content/uploads/sites/56/2013/06/Poster_3_flat.jpg",12,12,Clothing
11,Flying Ninja,Pellentesque habitant morbi tristique senectus et netus et malesuada fames ac,"Pellentesque habitant morbi tristique senectus et netus et malesuada fames ac turpis egestas. Vestibulum tortor quam, feugiat vitae, ultricies ege","http://demo.woothemes.com/woocommerce/wp-content/uploads/sites/56/2013/06/poster_2_up.jpg, http://demo.woothemes.com/woocommerce/wp-content/uploads/sites/56/2013/06/Poster_2_flat.jpg",23,12,Clothing
12,Ship Your Idea,Pellentesque habitant morbi tristique senectus et netus et malesuada fames ac,"Pellentesque habitant morbi tristique senectus et netus et malesuada fames ac turpis egestas. Vestibulum tortor quam, feugiat vitae, ultricies ege","http://demo.woothemes.com/woocommerce/wp-content/uploads/sites/56/2013/06/poster_1_up.jpg, http://demo.woothemes.com/woocommerce/wp-content/uploads/sites/56/2013/06/Poster_1_flat.jpg",42,4,Clothing
13,Woo Logo,Pellentesque habitant morbi tristique senectus et netus et malesuada fames ac,"Pellentesque habitant morbi tristique senectus et netus et malesuada fames ac turpis egestas. Vestibulum tortor quam, feugiat vitae, ultricies ege","http://demo.woothemes.com/woocommerce/wp-content/uploads/sites/56/2013/06/hoodie_6_front.jpg, http://demo.woothemes.com/woocommerce/wp-content/uploads/sites/56/2013/06/hoodie_6_back.jpg",12,2,Clothing
14,Ninja Silhouette,Pellentesque habitant morbi tristique senectus et netus et malesuada fames ac,"Pellentesque habitant morbi tristique senectus et netus et malesuada fames ac turpis egestas. Vestibulum tortor quam, feugiat vitae, ultricies ege","http://demo.woothemes.com/woocommerce/wp-content/uploads/sites/56/2013/06/hoodie_5_front.jpg, http://demo.woothemes.com/woocommerce/wp-content/uploads/sites/56/2013/06/hoodie_5_back.jpg",12,113,Clothing
15,Happy Ninja,Pellentesque habitant morbi tristique senectus et netus et malesuada fames ac,"Pellentesque habitant morbi tristique senectus et netus et malesuada fames ac turpis egestas. Vestibulum tortor quam, feugiat vitae, ultricies ege","http://demo.woothemes.com/woocommerce/wp-content/uploads/sites/56/2013/06/hoodie_4_front.jpg, http://demo.woothemes.com/woocommerce/wp-content/uploads/sites/56/2013/06/hoodie_4_back.jpg",21,22,Clothing
16,Patient Ninja,Pellentesque habitant morbi tristique senectus et netus et malesuada fames ac,"Pellentesque habitant morbi tristique senectus et netus et malesuada fames ac turpis egestas. Vestibulum tortor quam, feugiat vitae, ultricies ege","http://demo.woothemes.com/woocommerce/wp-content/uploads/sites/56/2013/06/hoodie_3_front.jpg, http://demo.woothemes.com/woocommerce/wp-content/uploads/sites/56/2013/06/hoodie_3_back.jpg",21,12,Clothing
17,Woo Ninja,Pellentesque habitant morbi tristique senectus et netus et malesuada fames ac,"Pellentesque habitant morbi tristique senectus et netus et malesuada fames ac turpis egestas. Vestibulum tortor quam, feugiat vitae, ultricies ege","http://demo.woothemes.com/woocommerce/wp-content/uploads/sites/56/2013/06/hoodie_2_front.jpg, http://demo.woothemes.com/woocommerce/wp-content/uploads/sites/56/2013/06/hoodie_2_back.jpg",21,19.99,Clothing
18,Ship Your Idea,Pellentesque habitant morbi tristique senectus et netus et malesuada fames ac,"Pellentesque habitant morbi tristique senectus et netus et malesuada fames ac turpis egestas. Vestibulum tortor quam, feugiat vitae, ultricies ege","http://demo.woothemes.com/woocommerce/wp-content/uploads/sites/56/2013/06/hoodie_7_front.jpg, http://demo.woothemes.com/woocommerce/wp-content/uploads/sites/56/2013/06/hoodie_7_back.jpg,",21,13,Clothing
19,"Ship Your Idea - Blue, XL",Sacsdasdcs,Wiadfjknajksdnv,http://demo.woothemes.com/woocommerce/wp-content/uploads/sites/56/2013/06/hoodie_1_front.jpg,21,20,Clothing
20,"Ship Your Idea - Black, L",Xmases,akjdsnvjkankjnvciuahrea;,http://demo.woothemes.com/woocommerce/wp-content/uploads/sites/56/2013/06/hoodie_7_front.jpg,21,24,Clothing
21,Happy Ninja,Pellentesque habitant morbi tristique senectus et netus et malesuada fames ac,"Pellentesque habitant morbi tristique senectus et netus et malesuada fames ac turpis egestas. Vestibulum tortor quam, feugiat vitae, ultricies ege","http://demo.woothemes.com/woocommerce/wp-content/uploads/sites/56/2013/06/T_7_front.jpg, http://demo.woothemes.com/woocommerce/wp-content/uploads/sites/56/2013/06/T_7_back.jpg",21,25,Clothing
22,Woo Ninja,Pellentesque habitant morbi tristique senectus et netus et malesuada fames ac,"Pellentesque habitant morbi tristique senectus et netus et malesuada fames ac turpis egestas. Vestibulum tortor quam, feugiat vitae, ultricies ege","http://demo.woothemes.com/woocommerce/wp-content/uploads/sites/56/2013/06/T_6_front.jpg, http://demo.woothemes.com/woocommerce/wp-content/uploads/sites/56/2013/06/T_6_back.jpg",21,26,Clothing
23,Ninja Silhouette,Pellentesque habitant morbi tristique senectus et netus et malesuada fames ac,"Pellentesque habitant morbi tristique senectus et netus et malesuada fames ac turpis egestas. Vestibulum tortor quam, feugiat vitae, ultricies ege","http://demo.woothemes.com/woocommerce/wp-content/uploads/sites/56/2013/06/T_5_front.jpg, http://demo.woothemes.com/woocommerce/wp-content/uploads/sites/56/2013/06/T_5_back.jpg",33,27,Clothing
24,Ship Your Idea,Pellentesque habitant morbi tristique senectus et netus et malesuada fames ac,"Pellentesque habitant morbi tristique senectus et netus et malesuada fames ac turpis egestas. Vestibulum tortor quam, feugiat vitae, ultricies ege","http://demo.woothemes.com/woocommerce/wp-content/uploads/sites/56/2013/06/T_4_front.jpg, http://demo.woothemes.com/woocommerce/wp-content/uploads/sites/56/2013/06/T_3_back.jpg,",21,28,Clothing
25,Ship Your Idea - Green,Lkvhiurahelfx,Askjdnciluberahdssz,http://demo.woothemes.com/woocommerce/wp-content/uploads/sites/56/2013/06/T_3_front.jpg,121,22,Clothing
26,Ship Your Idea - Black,Pellentesque habitant morbi tristique senectus et netus et malesuada fames ac,sadaweasdax,http://demo.woothemes.com/woocommerce/wp-content/uploads/sites/56/2013/06/T_4_front1.jpg,21,21,Clothing
27,Premium Quality,Pellentesque habitant morbi tristique senectus et netus et malesuada fames ac,"Pellentesque habitant morbi tristique senectus et netus et malesuada fames ac turpis egestas. Vestibulum tortor quam, feugiat vitae, ultricies ege","http://demo.woothemes.com/woocommerce/wp-content/uploads/sites/56/2013/06/T_2_front.jpg, http://demo.woothemes.com/woocommerce/wp-content/uploads/sites/56/2013/06/T_2_back.jpg",21,11,Clothing
28,Woo Logo,Pellentesque habitant morbi tristique senectus et netus et malesuada fames ac,"Pellentesque habitant morbi tristique senectus et netus et malesuada fames ac turpis egestas. Vestibulum tortor quam, feugiat vitae, ultricies ege","http://demo.woothemes.com/woocommerce/wp-content/uploads/sites/56/2013/06/T_1_front.jpg, http://demo.woothemes.com/woocommerce/wp-content/uploads/sites/56/2013/06/T_1_back.jpg",15,18,Clothing